item_id,name,title,category,unit,value_kind,status,source_ref
1,fn1,基本每股收益,financial_statement,per_share,float64,confirmed,mootdx.financial.columns;TdxQuant.get_financial_data
2,fn2,扣除非经常性损益每股收益,financial_statement,per_share,float64,confirmed,mootdx.financial.columns;TdxQuant.get_financial_data
3,fn3,每股未分配利润,financial_statement,per_share,float64,confirmed,mootdx.financial.columns;TdxQuant.get_financial_data
4,fn4,每股净资产,financial_statement,per_share,float64,confirmed,mootdx.financial.columns;TdxQuant.get_financial_data
5,fn5,每股资本公积金,financial_statement,per_share,float64,confirmed,mootdx.financial.columns;TdxQuant.get_financial_data
6,fn6,净资产收益率,financial_statement,percent_or_ratio,float64,confirmed,mootdx.financial.columns;TdxQuant.get_financial_data
7,fn7,每股经营现金流量,financial_statement,per_share,float64,confirmed,mootdx.financial.columns;TdxQuant.get_financial_data
8,fn8,货币资金,financial_statement,raw,float64,confirmed,mootdx.financial.columns;TdxQuant.get_financial_data
9,fn9,交易性金融资产,financial_statement,raw,float64,confirmed,mootdx.financial.columns;TdxQuant.get_financial_data
10,fn10,应收票据,financial_statement,raw,float64,confirmed,mootdx.financial.columns;TdxQuant.get_financial_data
11,fn11,应收账款,financial_statement,raw,float64,confirmed,mootdx.financial.columns;TdxQuant.get_financial_data
12,fn12,预付款项,financial_statement,raw,float64,confirmed,mootdx.financial.columns;TdxQuant.get_financial_data
13,fn13,其他应收款,financial_statement,raw,float64,confirmed,mootdx.financial.columns;TdxQuant.get_financial_data
14,fn14,应收关联公司款,financial_statement,raw,float64,confirmed,mootdx.financial.columns;TdxQuant.get_financial_data
15,fn15,应收利息,financial_statement,raw,float64,confirmed,mootdx.financial.columns;TdxQuant.get_financial_data
16,fn16,应收股利,financial_statement,raw,float64,confirmed,mootdx.financial.columns;TdxQuant.get_financial_data
17,fn17,存货,financial_statement,raw,float64,confirmed,mootdx.financial.columns;TdxQuant.get_financial_data
18,fn18,其中：消耗性生物资产,financial_statement,raw,float64,confirmed,mootdx.financial.columns;TdxQuant.get_financial_data
19,fn19,一年内到期的非流动资产,financial_statement,raw,float64,confirmed,mootdx.financial.columns;TdxQuant.get_financial_data
20,fn20,其他流动资产,financial_statement,raw,float64,confirmed,mootdx.financial.columns;TdxQuant.get_financial_data
21,fn21,流动资产合计,financial_statement,raw,float64,confirmed,mootdx.financial.columns;TdxQuant.get_financial_data
22,fn22,可供出售金融资产,financial_statement,raw,float64,confirmed,mootdx.financial.columns;TdxQuant.get_financial_data
23,fn23,持有至到期投资,financial_statement,raw,float64,confirmed,mootdx.financial.columns;TdxQuant.get_financial_data
24,fn24,长期应收款,financial_statement,raw,float64,confirmed,mootdx.financial.columns;TdxQuant.get_financial_data
25,fn25,长期股权投资,financial_statement,raw,float64,confirmed,mootdx.financial.columns;TdxQuant.get_financial_data
26,fn26,投资性房地产,financial_statement,raw,float64,confirmed,mootdx.financial.columns;TdxQuant.get_financial_data
27,fn27,固定资产,financial_statement,raw,float64,confirmed,mootdx.financial.columns;TdxQuant.get_financial_data
28,fn28,在建工程,financial_statement,raw,float64,confirmed,mootdx.financial.columns;TdxQuant.get_financial_data
29,fn29,工程物资,financial_statement,raw,float64,confirmed,mootdx.financial.columns;TdxQuant.get_financial_data
30,fn30,固定资产清理,financial_statement,raw,float64,confirmed,mootdx.financial.columns;TdxQuant.get_financial_data
31,fn31,生产性生物资产,financial_statement,raw,float64,confirmed,mootdx.financial.columns;TdxQuant.get_financial_data
32,fn32,油气资产,financial_statement,raw,float64,confirmed,mootdx.financial.columns;TdxQuant.get_financial_data
33,fn33,无形资产,financial_statement,raw,float64,confirmed,mootdx.financial.columns;TdxQuant.get_financial_data
34,fn34,开发支出,financial_statement,raw,float64,confirmed,mootdx.financial.columns;TdxQuant.get_financial_data
35,fn35,商誉,financial_statement,raw,float64,confirmed,mootdx.financial.columns;TdxQuant.get_financial_data
36,fn36,长期待摊费用,financial_statement,raw,float64,confirmed,mootdx.financial.columns;TdxQuant.get_financial_data
37,fn37,递延所得税资产,financial_statement,raw,float64,confirmed,mootdx.financial.columns;TdxQuant.get_financial_data
38,fn38,其他非流动资产,financial_statement,raw,float64,confirmed,mootdx.financial.columns;TdxQuant.get_financial_data
39,fn39,非流动资产合计,financial_statement,raw,float64,confirmed,mootdx.financial.columns;TdxQuant.get_financial_data
40,fn40,资产总计,financial_statement,raw,float64,confirmed,mootdx.financial.columns;TdxQuant.get_financial_data
41,fn41,短期借款,financial_statement,raw,float64,confirmed,mootdx.financial.columns;TdxQuant.get_financial_data
42,fn42,交易性金融负债,financial_statement,raw,float64,confirmed,mootdx.financial.columns;TdxQuant.get_financial_data
43,fn43,应付票据,financial_statement,raw,float64,confirmed,mootdx.financial.columns;TdxQuant.get_financial_data
44,fn44,应付账款,financial_statement,raw,float64,confirmed,mootdx.financial.columns;TdxQuant.get_financial_data
45,fn45,预收款项,financial_statement,raw,float64,confirmed,mootdx.financial.columns;TdxQuant.get_financial_data
46,fn46,应付职工薪酬,financial_statement,raw,float64,confirmed,mootdx.financial.columns;TdxQuant.get_financial_data
47,fn47,应交税费,financial_statement,raw,float64,confirmed,mootdx.financial.columns;TdxQuant.get_financial_data
48,fn48,应付利息,financial_statement,raw,float64,confirmed,mootdx.financial.columns;TdxQuant.get_financial_data
49,fn49,应付股利,financial_statement,raw,float64,confirmed,mootdx.financial.columns;TdxQuant.get_financial_data
50,fn50,其他应付款,financial_statement,raw,float64,confirmed,mootdx.financial.columns;TdxQuant.get_financial_data
51,fn51,应付关联公司款,financial_statement,raw,float64,confirmed,mootdx.financial.columns;TdxQuant.get_financial_data
52,fn52,一年内到期的非流动负债,financial_statement,raw,float64,confirmed,mootdx.financial.columns;TdxQuant.get_financial_data
53,fn53,其他流动负债,financial_statement,raw,float64,confirmed,mootdx.financial.columns;TdxQuant.get_financial_data
54,fn54,流动负债合计,financial_statement,raw,float64,confirmed,mootdx.financial.columns;TdxQuant.get_financial_data
55,fn55,长期借款,financial_statement,raw,float64,confirmed,mootdx.financial.columns;TdxQuant.get_financial_data
56,fn56,应付债券,financial_statement,raw,float64,confirmed,mootdx.financial.columns;TdxQuant.get_financial_data
57,fn57,长期应付款,financial_statement,raw,float64,confirmed,mootdx.financial.columns;TdxQuant.get_financial_data
58,fn58,专项应付款,financial_statement,raw,float64,confirmed,mootdx.financial.columns;TdxQuant.get_financial_data
59,fn59,预计负债 （非流动负债）,financial_statement,raw,float64,confirmed,mootdx.financial.columns;TdxQuant.get_financial_data
60,fn60,递延所得税负债,financial_statement,raw,float64,confirmed,mootdx.financial.columns;TdxQuant.get_financial_data
61,fn61,其他非流动负债,financial_statement,raw,float64,confirmed,mootdx.financial.columns;TdxQuant.get_financial_data
62,fn62,非流动负债合计,financial_statement,raw,float64,confirmed,mootdx.financial.columns;TdxQuant.get_financial_data
63,fn63,负债合计,financial_statement,raw,float64,confirmed,mootdx.financial.columns;TdxQuant.get_financial_data
64,fn64,实收资本（或股本）,financial_statement,raw,float64,confirmed,mootdx.financial.columns;TdxQuant.get_financial_data
65,fn65,资本公积,financial_statement,raw,float64,confirmed,mootdx.financial.columns;TdxQuant.get_financial_data
66,fn66,盈余公积,financial_statement,raw,float64,confirmed,mootdx.financial.columns;TdxQuant.get_financial_data
67,fn67,减：库存股,financial_statement,raw,float64,confirmed,mootdx.financial.columns;TdxQuant.get_financial_data
68,fn68,未分配利润,financial_statement,raw,float64,confirmed,mootdx.financial.columns;TdxQuant.get_financial_data
69,fn69,少数股东权益,financial_statement,raw,float64,confirmed,mootdx.financial.columns;TdxQuant.get_financial_data
70,fn70,外币报表折算价差,financial_statement,raw,float64,confirmed,mootdx.financial.columns;TdxQuant.get_financial_data
71,fn71,非正常经营项目收益调整,financial_statement,raw,float64,confirmed,mootdx.financial.columns;TdxQuant.get_financial_data
72,fn72,所有者权益（或股东权益）合计,financial_statement,raw,float64,confirmed,mootdx.financial.columns;TdxQuant.get_financial_data
73,fn73,负债和所有者（或股东权益）合计,financial_statement,raw,float64,confirmed,mootdx.financial.columns;TdxQuant.get_financial_data
74,fn74,其中：营业收入,financial_statement,raw,float64,confirmed,mootdx.financial.columns;TdxQuant.get_financial_data
75,fn75,其中：营业成本,financial_statement,raw,float64,confirmed,mootdx.financial.columns;TdxQuant.get_financial_data
76,fn76,营业税金及附加,financial_statement,raw,float64,confirmed,mootdx.financial.columns;TdxQuant.get_financial_data
77,fn77,销售费用,financial_statement,raw,float64,confirmed,mootdx.financial.columns;TdxQuant.get_financial_data
78,fn78,管理费用,financial_statement,raw,float64,confirmed,mootdx.financial.columns;TdxQuant.get_financial_data
79,fn79,勘探费用,financial_statement,raw,float64,confirmed,mootdx.financial.columns;TdxQuant.get_financial_data
80,fn80,财务费用,financial_statement,raw,float64,confirmed,mootdx.financial.columns;TdxQuant.get_financial_data
81,fn81,资产减值损失,financial_statement,raw,float64,confirmed,mootdx.financial.columns;TdxQuant.get_financial_data
82,fn82,加：公允价值变动净收益,financial_statement,raw,float64,confirmed,mootdx.financial.columns;TdxQuant.get_financial_data
83,fn83,投资收益,financial_statement,raw,float64,confirmed,mootdx.financial.columns;TdxQuant.get_financial_data
84,fn84,其中：对联营企业和合营企业的投资收益,financial_statement,raw,float64,confirmed,mootdx.financial.columns;TdxQuant.get_financial_data
85,fn85,影响营业利润的其他科目,financial_statement,raw,float64,confirmed,mootdx.financial.columns;TdxQuant.get_financial_data
86,fn86,三、营业利润,financial_statement,raw,float64,confirmed,mootdx.financial.columns;TdxQuant.get_financial_data
87,fn87,加：补贴收入,financial_statement,raw,float64,confirmed,mootdx.financial.columns;TdxQuant.get_financial_data
88,fn88,营业外收入,financial_statement,raw,float64,confirmed,mootdx.financial.columns;TdxQuant.get_financial_data
89,fn89,减：营业外支出,financial_statement,raw,float64,confirmed,mootdx.financial.columns;TdxQuant.get_financial_data
90,fn90,其中：非流动资产处置净损失,financial_statement,raw,float64,confirmed,mootdx.financial.columns;TdxQuant.get_financial_data
91,fn91,加：影响利润总额的其他科目,financial_statement,raw,float64,confirmed,mootdx.financial.columns;TdxQuant.get_financial_data
92,fn92,四、利润总额,financial_statement,raw,float64,confirmed,mootdx.financial.columns;TdxQuant.get_financial_data
93,fn93,减：所得税,financial_statement,raw,float64,confirmed,mootdx.financial.columns;TdxQuant.get_financial_data
94,fn94,加：影响净利润的其他科目,financial_statement,raw,float64,confirmed,mootdx.financial.columns;TdxQuant.get_financial_data
95,fn95,五、净利润,financial_statement,raw,float64,confirmed,mootdx.financial.columns;TdxQuant.get_financial_data
96,fn96,归属于母公司所有者的净利润,financial_statement,raw,float64,confirmed,mootdx.financial.columns;TdxQuant.get_financial_data
97,fn97,少数股东损益,financial_statement,raw,float64,confirmed,mootdx.financial.columns;TdxQuant.get_financial_data
98,fn98,销售商品、提供劳务收到的现金,financial_statement,raw,float64,confirmed,mootdx.financial.columns;TdxQuant.get_financial_data
99,fn99,收到的税费返还,financial_statement,raw,float64,confirmed,mootdx.financial.columns;TdxQuant.get_financial_data
100,fn100,收到其他与经营活动有关的现金,financial_statement,raw,float64,confirmed,mootdx.financial.columns;TdxQuant.get_financial_data
101,fn101,经营活动现金流入小计,financial_statement,raw,float64,confirmed,mootdx.financial.columns;TdxQuant.get_financial_data
102,fn102,购买商品、接受劳务支付的现金,financial_statement,raw,float64,confirmed,mootdx.financial.columns;TdxQuant.get_financial_data
103,fn103,支付给职工以及为职工支付的现金,financial_statement,raw,float64,confirmed,mootdx.financial.columns;TdxQuant.get_financial_data
104,fn104,支付的各项税费,financial_statement,raw,float64,confirmed,mootdx.financial.columns;TdxQuant.get_financial_data
105,fn105,支付其他与经营活动有关的现金,financial_statement,raw,float64,confirmed,mootdx.financial.columns;TdxQuant.get_financial_data
106,fn106,经营活动现金流出小计,financial_statement,raw,float64,confirmed,mootdx.financial.columns;TdxQuant.get_financial_data
107,fn107,经营活动产生的现金流量净额,financial_statement,raw,float64,confirmed,mootdx.financial.columns;TdxQuant.get_financial_data
108,fn108,收回投资收到的现金,financial_statement,raw,float64,confirmed,mootdx.financial.columns;TdxQuant.get_financial_data
109,fn109,取得投资收益收到的现金,financial_statement,raw,float64,confirmed,mootdx.financial.columns;TdxQuant.get_financial_data
110,fn110,处置固定资产、无形资产和其他长期资产收回的现金净额,financial_statement,raw,float64,confirmed,mootdx.financial.columns;TdxQuant.get_financial_data
111,fn111,处置子公司及其他营业单位收到的现金净额,financial_statement,raw,float64,confirmed,mootdx.financial.columns;TdxQuant.get_financial_data
112,fn112,收到其他与投资活动有关的现金,financial_statement,raw,float64,confirmed,mootdx.financial.columns;TdxQuant.get_financial_data
113,fn113,投资活动现金流入小计,financial_statement,raw,float64,confirmed,mootdx.financial.columns;TdxQuant.get_financial_data
114,fn114,购建固定资产、无形资产和其他长期资产支付的现金,financial_statement,raw,float64,confirmed,mootdx.financial.columns;TdxQuant.get_financial_data
115,fn115,投资支付的现金,financial_statement,raw,float64,confirmed,mootdx.financial.columns;TdxQuant.get_financial_data
116,fn116,取得子公司及其他营业单位支付的现金净额,financial_statement,raw,float64,confirmed,mootdx.financial.columns;TdxQuant.get_financial_data
117,fn117,支付其他与投资活动有关的现金,financial_statement,raw,float64,confirmed,mootdx.financial.columns;TdxQuant.get_financial_data
118,fn118,投资活动现金流出小计,financial_statement,raw,float64,confirmed,mootdx.financial.columns;TdxQuant.get_financial_data
119,fn119,投资活动产生的现金流量净额,financial_statement,raw,float64,confirmed,mootdx.financial.columns;TdxQuant.get_financial_data
120,fn120,吸收投资收到的现金,financial_statement,raw,float64,confirmed,mootdx.financial.columns;TdxQuant.get_financial_data
121,fn121,取得借款收到的现金,financial_statement,raw,float64,confirmed,mootdx.financial.columns;TdxQuant.get_financial_data
122,fn122,收到其他与筹资活动有关的现金,financial_statement,raw,float64,confirmed,mootdx.financial.columns;TdxQuant.get_financial_data
123,fn123,筹资活动现金流入小计,financial_statement,raw,float64,confirmed,mootdx.financial.columns;TdxQuant.get_financial_data
124,fn124,偿还债务支付的现金,financial_statement,raw,float64,confirmed,mootdx.financial.columns;TdxQuant.get_financial_data
125,fn125,分配股利、利润或偿付利息支付的现金,financial_statement,raw,float64,confirmed,mootdx.financial.columns;TdxQuant.get_financial_data
126,fn126,支付其他与筹资活动有关的现金,financial_statement,raw,float64,confirmed,mootdx.financial.columns;TdxQuant.get_financial_data
127,fn127,筹资活动现金流出小计,financial_statement,raw,float64,confirmed,mootdx.financial.columns;TdxQuant.get_financial_data
128,fn128,筹资活动产生的现金流量净额,financial_statement,raw,float64,confirmed,mootdx.financial.columns;TdxQuant.get_financial_data
129,fn129,四、汇率变动对现金的影响,financial_statement,percent_or_ratio,float64,confirmed,mootdx.financial.columns;TdxQuant.get_financial_data
130,fn130,四(2)、其他原因对现金的影响,financial_statement,raw,float64,confirmed,mootdx.financial.columns;TdxQuant.get_financial_data
131,fn131,五、现金及现金等价物净增加额,financial_statement,raw,float64,confirmed,mootdx.financial.columns;TdxQuant.get_financial_data
132,fn132,期初现金及现金等价物余额,financial_statement,raw,float64,confirmed,mootdx.financial.columns;TdxQuant.get_financial_data
133,fn133,期末现金及现金等价物余额,financial_statement,raw,float64,confirmed,mootdx.financial.columns;TdxQuant.get_financial_data
134,fn134,净利润,financial_statement,raw,float64,confirmed,mootdx.financial.columns;TdxQuant.get_financial_data
135,fn135,加：资产减值准备,financial_statement,raw,float64,confirmed,mootdx.financial.columns;TdxQuant.get_financial_data
136,fn136,固定资产折旧、油气资产折耗、生产性生物资产折旧,financial_statement,raw,float64,confirmed,mootdx.financial.columns;TdxQuant.get_financial_data
137,fn137,无形资产摊销,financial_statement,raw,float64,confirmed,mootdx.financial.columns;TdxQuant.get_financial_data
138,fn138,长期待摊费用摊销,financial_statement,raw,float64,confirmed,mootdx.financial.columns;TdxQuant.get_financial_data
139,fn139,处置固定资产、无形资产和其他长期资产的损失,financial_statement,raw,float64,confirmed,mootdx.financial.columns;TdxQuant.get_financial_data
140,fn140,固定资产报废损失,financial_statement,raw,float64,confirmed,mootdx.financial.columns;TdxQuant.get_financial_data
141,fn141,公允价值变动损失,financial_statement,raw,float64,confirmed,mootdx.financial.columns;TdxQuant.get_financial_data
142,fn142,财务费用,financial_statement,raw,float64,confirmed,mootdx.financial.columns;TdxQuant.get_financial_data
143,fn143,投资损失,financial_statement,raw,float64,confirmed,mootdx.financial.columns;TdxQuant.get_financial_data
144,fn144,递延所得税资产减少,financial_statement,raw,float64,confirmed,mootdx.financial.columns;TdxQuant.get_financial_data
145,fn145,递延所得税负债增加,financial_statement,raw,float64,confirmed,mootdx.financial.columns;TdxQuant.get_financial_data
146,fn146,存货的减少,financial_statement,raw,float64,confirmed,mootdx.financial.columns;TdxQuant.get_financial_data
147,fn147,经营性应收项目的减少,financial_statement,raw,float64,confirmed,mootdx.financial.columns;TdxQuant.get_financial_data
148,fn148,经营性应付项目的增加,financial_statement,raw,float64,confirmed,mootdx.financial.columns;TdxQuant.get_financial_data
149,fn149,其他,financial_statement,raw,float64,confirmed,mootdx.financial.columns;TdxQuant.get_financial_data
150,fn150,经营活动产生的现金流量净额2,financial_statement,raw,float64,confirmed,mootdx.financial.columns;TdxQuant.get_financial_data
151,fn151,债务转为资本,financial_statement,raw,float64,confirmed,mootdx.financial.columns;TdxQuant.get_financial_data
152,fn152,一年内到期的可转换公司债券,financial_statement,raw,float64,confirmed,mootdx.financial.columns;TdxQuant.get_financial_data
153,fn153,融资租入固定资产,financial_statement,raw,float64,confirmed,mootdx.financial.columns;TdxQuant.get_financial_data
154,fn154,现金的期末余额,financial_statement,raw,float64,confirmed,mootdx.financial.columns;TdxQuant.get_financial_data
155,fn155,减：现金的期初余额,financial_statement,raw,float64,confirmed,mootdx.financial.columns;TdxQuant.get_financial_data
156,fn156,加：现金等价物的期末余额,financial_statement,raw,float64,confirmed,mootdx.financial.columns;TdxQuant.get_financial_data
157,fn157,减：现金等价物的期初余额,financial_statement,raw,float64,confirmed,mootdx.financial.columns;TdxQuant.get_financial_data
158,fn158,现金及现金等价物净增加额,financial_statement,raw,float64,confirmed,mootdx.financial.columns;TdxQuant.get_financial_data
159,fn159,流动比率(非金融类指标),financial_statement,percent_or_ratio,float64,confirmed,mootdx.financial.columns;TdxQuant.get_financial_data
160,fn160,速动比率(非金融类指标),financial_statement,percent_or_ratio,float64,confirmed,mootdx.financial.columns;TdxQuant.get_financial_data
161,fn161,现金比率(%)(非金融类指标),financial_statement,percent_or_ratio,float64,confirmed,mootdx.financial.columns;TdxQuant.get_financial_data
162,fn162,利息保障倍数(非金融类指标),financial_statement,raw,float64,confirmed,mootdx.financial.columns;TdxQuant.get_financial_data
163,fn163,非流动负债比率(%)(非金融类指标),financial_statement,percent_or_ratio,float64,confirmed,mootdx.financial.columns;TdxQuant.get_financial_data
164,fn164,流动负债比率(%)(非金融类指标),financial_ratio,percent_or_ratio,float64,confirmed,mootdx.financial.columns;TdxQuant.get_financial_data
165,fn165,现金到期债务比率(%)(非金融类指标),financial_ratio,percent_or_ratio,float64,confirmed,mootdx.financial.columns;TdxQuant.get_financial_data
166,fn166,有形资产净值债务率(%),financial_ratio,percent_or_ratio,float64,confirmed,mootdx.financial.columns;TdxQuant.get_financial_data
167,fn167,权益乘数(%),financial_ratio,percent_or_ratio,float64,confirmed,mootdx.financial.columns;TdxQuant.get_financial_data
168,fn168,股东的权益/负债合计(%),financial_ratio,percent_or_ratio,float64,confirmed,mootdx.financial.columns;TdxQuant.get_financial_data
169,fn169,有形资产/负债合计(%),financial_ratio,percent_or_ratio,float64,confirmed,mootdx.financial.columns;TdxQuant.get_financial_data
170,fn170,经营活动产生的现金流量净额/负债合计(%)(非金融类指标),financial_ratio,percent_or_ratio,float64,confirmed,mootdx.financial.columns;TdxQuant.get_financial_data
171,fn171,EBITDA/负债合计(%)(非金融类指标),financial_ratio,percent_or_ratio,float64,confirmed,mootdx.financial.columns;TdxQuant.get_financial_data
172,fn172,应收帐款周转率(非金融类指标),financial_ratio,percent_or_ratio,float64,confirmed,mootdx.financial.columns;TdxQuant.get_financial_data
173,fn173,存货周转率(非金融类指标),financial_ratio,percent_or_ratio,float64,confirmed,mootdx.financial.columns;TdxQuant.get_financial_data
174,fn174,运营资金周转率(非金融类指标),financial_ratio,percent_or_ratio,float64,confirmed,mootdx.financial.columns;TdxQuant.get_financial_data
175,fn175,总资产周转率(非金融类指标),financial_ratio,percent_or_ratio,float64,confirmed,mootdx.financial.columns;TdxQuant.get_financial_data
176,fn176,固定资产周转率(非金融类指标),financial_ratio,percent_or_ratio,float64,confirmed,mootdx.financial.columns;TdxQuant.get_financial_data
177,fn177,应收帐款周转天数(非金融类指标),financial_ratio,raw,float64,confirmed,mootdx.financial.columns;TdxQuant.get_financial_data
178,fn178,存货周转天数(非金融类指标),financial_ratio,raw,float64,confirmed,mootdx.financial.columns;TdxQuant.get_financial_data
179,fn179,流动资产周转率(非金融类指标),financial_ratio,percent_or_ratio,float64,confirmed,mootdx.financial.columns;TdxQuant.get_financial_data
180,fn180,流动资产周转天数(非金融类指标),financial_ratio,raw,float64,confirmed,mootdx.financial.columns;TdxQuant.get_financial_data
181,fn181,总资产周转天数(非金融类指标),financial_ratio,raw,float64,confirmed,mootdx.financial.columns;TdxQuant.get_financial_data
182,fn182,股东权益周转率(非金融类指标),financial_ratio,percent_or_ratio,float64,confirmed,mootdx.financial.columns;TdxQuant.get_financial_data
183,fn183,营业收入增长率(%),financial_ratio,percent_or_ratio,float64,confirmed,mootdx.financial.columns;TdxQuant.get_financial_data
184,fn184,净利润增长率(%),financial_ratio,percent_or_ratio,float64,confirmed,mootdx.financial.columns;TdxQuant.get_financial_data
185,fn185,净资产增长率(%),financial_ratio,percent_or_ratio,float64,confirmed,mootdx.financial.columns;TdxQuant.get_financial_data
186,fn186,固定资产增长率(%),financial_ratio,percent_or_ratio,float64,confirmed,mootdx.financial.columns;TdxQuant.get_financial_data
187,fn187,总资产增长率(%),financial_ratio,percent_or_ratio,float64,confirmed,mootdx.financial.columns;TdxQuant.get_financial_data
188,fn188,投资收益增长率(%),financial_ratio,percent_or_ratio,float64,confirmed,mootdx.financial.columns;TdxQuant.get_financial_data
189,fn189,营业利润增长率(%),financial_ratio,percent_or_ratio,float64,confirmed,mootdx.financial.columns;TdxQuant.get_financial_data
190,fn190,扣非每股收益同比(%),financial_ratio,percent_or_ratio,float64,confirmed,mootdx.financial.columns;TdxQuant.get_financial_data
191,fn191,扣非净利润同比(%),financial_ratio,percent_or_ratio,float64,confirmed,mootdx.financial.columns;TdxQuant.get_financial_data
192,fn192,暂无,financial_ratio,raw,float64,confirmed,mootdx.financial.columns;TdxQuant.get_financial_data
193,fn193,成本费用利润率(%),financial_ratio,percent_or_ratio,float64,confirmed,mootdx.financial.columns;TdxQuant.get_financial_data
194,fn194,营业利润率(非金融类指标),financial_ratio,percent_or_ratio,float64,confirmed,mootdx.financial.columns;TdxQuant.get_financial_data
195,fn195,营业税金率(非金融类指标),financial_ratio,percent_or_ratio,float64,confirmed,mootdx.financial.columns;TdxQuant.get_financial_data
196,fn196,营业成本率(非金融类指标),financial_ratio,percent_or_ratio,float64,confirmed,mootdx.financial.columns;TdxQuant.get_financial_data
197,fn197,净资产收益率,financial_ratio,percent_or_ratio,float64,confirmed,mootdx.financial.columns;TdxQuant.get_financial_data
198,fn198,投资收益率,financial_ratio,percent_or_ratio,float64,confirmed,mootdx.financial.columns;TdxQuant.get_financial_data
199,fn199,销售净利率(%),financial_ratio,percent_or_ratio,float64,confirmed,mootdx.financial.columns;TdxQuant.get_financial_data
200,fn200,总资产净利率,financial_ratio,percent_or_ratio,float64,confirmed,mootdx.financial.columns;TdxQuant.get_financial_data
201,fn201,净利润率(非金融类指标),financial_ratio,percent_or_ratio,float64,confirmed,mootdx.financial.columns;TdxQuant.get_financial_data
202,fn202,销售毛利率(%)(非金融类指标),financial_ratio,percent_or_ratio,float64,confirmed,mootdx.financial.columns;TdxQuant.get_financial_data
203,fn203,三费比重(非金融类指标),financial_ratio,percent_or_ratio,float64,confirmed,mootdx.financial.columns;TdxQuant.get_financial_data
204,fn204,管理费用率(非金融类指标),financial_ratio,percent_or_ratio,float64,confirmed,mootdx.financial.columns;TdxQuant.get_financial_data
205,fn205,财务费用率(非金融类指标),financial_ratio,percent_or_ratio,float64,confirmed,mootdx.financial.columns;TdxQuant.get_financial_data
206,fn206,扣除非经常性损益后的净利润,financial_ratio,raw,float64,confirmed,mootdx.financial.columns;TdxQuant.get_financial_data
207,fn207,息税前利润(EBIT),financial_ratio,raw,float64,confirmed,mootdx.financial.columns;TdxQuant.get_financial_data
208,fn208,息税折旧摊销前利润(EBITDA),financial_ratio,raw,float64,confirmed,mootdx.financial.columns;TdxQuant.get_financial_data
209,fn209,EBITDA/营业总收入(%)(非金融类指标),financial_ratio,percent_or_ratio,float64,confirmed,mootdx.financial.columns;TdxQuant.get_financial_data
210,fn210,资产负债率(%),financial_ratio,percent_or_ratio,float64,confirmed,mootdx.financial.columns;TdxQuant.get_financial_data
211,fn211,流动资产比率(非金融类指标),financial_ratio,percent_or_ratio,float64,confirmed,mootdx.financial.columns;TdxQuant.get_financial_data
212,fn212,货币资金比率(非金融类指标),financial_ratio,percent_or_ratio,float64,confirmed,mootdx.financial.columns;TdxQuant.get_financial_data
213,fn213,存货比率(非金融类指标),financial_ratio,percent_or_ratio,float64,confirmed,mootdx.financial.columns;TdxQuant.get_financial_data
214,fn214,固定资产比率,financial_ratio,percent_or_ratio,float64,confirmed,mootdx.financial.columns;TdxQuant.get_financial_data
215,fn215,负债结构比(非金融类指标),financial_ratio,percent_or_ratio,float64,confirmed,mootdx.financial.columns;TdxQuant.get_financial_data
216,fn216,归属于母公司股东权益/全部投入资本(%),financial_ratio,percent_or_ratio,float64,confirmed,mootdx.financial.columns;TdxQuant.get_financial_data
217,fn217,股东的权益/带息债务(%),financial_ratio,percent_or_ratio,float64,confirmed,mootdx.financial.columns;TdxQuant.get_financial_data
218,fn218,有形资产/净债务(%),financial_ratio,percent_or_ratio,float64,confirmed,mootdx.financial.columns;TdxQuant.get_financial_data
219,fn219,每股经营性现金流(元),financial_ratio,per_share,float64,confirmed,mootdx.financial.columns;TdxQuant.get_financial_data
220,fn220,营业收入现金含量(%)(非金融类指标),financial_ratio,percent_or_ratio,float64,confirmed,mootdx.financial.columns;TdxQuant.get_financial_data
221,fn221,经营活动产生的现金流量净额/经营活动净收益(%),financial_ratio,percent_or_ratio,float64,confirmed,mootdx.financial.columns;TdxQuant.get_financial_data
222,fn222,销售商品提供劳务收到的现金/营业收入(%),financial_ratio,percent_or_ratio,float64,confirmed,mootdx.financial.columns;TdxQuant.get_financial_data
223,fn223,经营活动产生的现金流量净额/营业收入,financial_ratio,raw,float64,confirmed,mootdx.financial.columns;TdxQuant.get_financial_data
224,fn224,资本支出/折旧和摊销,financial_ratio,raw,float64,confirmed,mootdx.financial.columns;TdxQuant.get_financial_data
225,fn225,每股现金流量净额(元),financial_ratio,per_share,float64,confirmed,mootdx.financial.columns;TdxQuant.get_financial_data
226,fn226,经营净现金比率（短期债务）(非金融类指标),financial_ratio,percent_or_ratio,float64,confirmed,mootdx.financial.columns;TdxQuant.get_financial_data
227,fn227,经营净现金比率（全部债务）,financial_ratio,percent_or_ratio,float64,confirmed,mootdx.financial.columns;TdxQuant.get_financial_data
228,fn228,经营活动现金净流量与净利润比率,financial_ratio,percent_or_ratio,float64,confirmed,mootdx.financial.columns;TdxQuant.get_financial_data
229,fn229,全部资产现金回收率,financial_ratio,percent_or_ratio,float64,confirmed,mootdx.financial.columns;TdxQuant.get_financial_data
230,fn230,营业收入,shareholder_capital,raw,float64,confirmed,mootdx.financial.columns;TdxQuant.get_financial_data
231,fn231,营业利润,shareholder_capital,raw,float64,confirmed,mootdx.financial.columns;TdxQuant.get_financial_data
232,fn232,归属于母公司所有者的净利润,shareholder_capital,raw,float64,confirmed,mootdx.financial.columns;TdxQuant.get_financial_data
233,fn233,扣除非经常性损益后的净利润,shareholder_capital,raw,float64,confirmed,mootdx.financial.columns;TdxQuant.get_financial_data
234,fn234,经营活动产生的现金流量净额,shareholder_capital,raw,float64,confirmed,mootdx.financial.columns;TdxQuant.get_financial_data
235,fn235,投资活动产生的现金流量净额,shareholder_capital,raw,float64,confirmed,mootdx.financial.columns;TdxQuant.get_financial_data
236,fn236,筹资活动产生的现金流量净额,shareholder_capital,raw,float64,confirmed,mootdx.financial.columns;TdxQuant.get_financial_data
237,fn237,现金及现金等价物净增加额,shareholder_capital,raw,float64,confirmed,mootdx.financial.columns;TdxQuant.get_financial_data
238,fn238,总股本,shareholder_capital,raw,float64,confirmed,mootdx.financial.columns;TdxQuant.get_financial_data
239,fn239,已上市流通A股,shareholder_capital,raw,float64,confirmed,mootdx.financial.columns;TdxQuant.get_financial_data
240,fn240,已上市流通B股,shareholder_capital,raw,float64,confirmed,mootdx.financial.columns;TdxQuant.get_financial_data
241,fn241,已上市流通H股,shareholder_capital,raw,float64,confirmed,mootdx.financial.columns;TdxQuant.get_financial_data
242,fn242,股东人数(户),shareholder_capital,raw,float64,confirmed,mootdx.financial.columns;TdxQuant.get_financial_data
243,fn243,第一大股东的持股数量,shareholder_capital,raw,float64,confirmed,mootdx.financial.columns;TdxQuant.get_financial_data
244,fn244,十大流通股东持股数量合计(股),shareholder_capital,raw,float64,confirmed,mootdx.financial.columns;TdxQuant.get_financial_data
245,fn245,十大股东持股数量合计(股),shareholder_capital,raw,float64,confirmed,mootdx.financial.columns;TdxQuant.get_financial_data
246,fn246,机构总量（家）,shareholder_capital,raw,float64,confirmed,mootdx.financial.columns;TdxQuant.get_financial_data
247,fn247,机构持股总量(股),shareholder_capital,raw,float64,confirmed,mootdx.financial.columns;TdxQuant.get_financial_data
248,fn248,QFII机构数,shareholder_capital,raw,float64,confirmed,mootdx.financial.columns;TdxQuant.get_financial_data
249,fn249,QFII持股量,shareholder_capital,raw,float64,confirmed,mootdx.financial.columns;TdxQuant.get_financial_data
250,fn250,券商机构数,shareholder_capital,raw,float64,confirmed,mootdx.financial.columns;TdxQuant.get_financial_data
251,fn251,券商持股量,shareholder_capital,raw,float64,confirmed,mootdx.financial.columns;TdxQuant.get_financial_data
252,fn252,保险机构数,shareholder_capital,raw,float64,confirmed,mootdx.financial.columns;TdxQuant.get_financial_data
253,fn253,保险持股量,shareholder_capital,raw,float64,confirmed,mootdx.financial.columns;TdxQuant.get_financial_data
254,fn254,基金机构数,shareholder_capital,raw,float64,confirmed,mootdx.financial.columns;TdxQuant.get_financial_data
255,fn255,基金持股量,shareholder_capital,raw,float64,confirmed,mootdx.financial.columns;TdxQuant.get_financial_data
256,fn256,社保机构数,shareholder_capital,raw,float64,confirmed,mootdx.financial.columns;TdxQuant.get_financial_data
257,fn257,社保持股量,shareholder_capital,raw,float64,confirmed,mootdx.financial.columns;TdxQuant.get_financial_data
258,fn258,私募机构数,shareholder_capital,raw,float64,confirmed,mootdx.financial.columns;TdxQuant.get_financial_data
259,fn259,私募持股量,shareholder_capital,raw,float64,confirmed,mootdx.financial.columns;TdxQuant.get_financial_data
260,fn260,财务公司机构数,shareholder_capital,raw,float64,confirmed,mootdx.financial.columns;TdxQuant.get_financial_data
261,fn261,财务公司持股量,shareholder_capital,raw,float64,confirmed,mootdx.financial.columns;TdxQuant.get_financial_data
262,fn262,年金机构数,shareholder_capital,raw,float64,confirmed,mootdx.financial.columns;TdxQuant.get_financial_data
263,fn263,年金持股量,shareholder_capital,raw,float64,confirmed,mootdx.financial.columns;TdxQuant.get_financial_data
264,fn264,十大流通股东持有的流通A股合计(股)[ 注：2019半年报之前，季度报告中，若股东持股除了流通A股、还有流通B股或流通H股，指标264取的是包含流通B股或流通H股的流通股数],shareholder_capital,raw,float64,confirmed,mootdx.financial.columns;TdxQuant.get_financial_data
265,fn265,第一大流通股东持股量(股),shareholder_capital,raw,float64,confirmed,mootdx.financial.columns;TdxQuant.get_financial_data
266,fn266,自由流通股(股)[注：1.自由流通股=已流通A股-持股5%以上股东的流通A股（一致行动人算一起）；2.指标按报告期展示，新股在上市日的下个报告期才有数据],shareholder_capital,percent_or_ratio,float64,confirmed,mootdx.financial.columns;TdxQuant.get_financial_data
267,fn267,受限流通A股(股),shareholder_capital,raw,float64,confirmed,mootdx.financial.columns;TdxQuant.get_financial_data
268,fn268,一般风险准备(金融类),shareholder_capital,raw,float64,confirmed,mootdx.financial.columns;TdxQuant.get_financial_data
269,fn269,其他综合收益(利润表),shareholder_capital,raw,float64,confirmed,mootdx.financial.columns;TdxQuant.get_financial_data
270,fn270,综合收益总额(利润表),shareholder_capital,raw,float64,confirmed,mootdx.financial.columns;TdxQuant.get_financial_data
271,fn271,归属于母公司股东权益(资产负债表),shareholder_capital,raw,float64,confirmed,mootdx.financial.columns;TdxQuant.get_financial_data
272,fn272,银行机构数(家)(机构持股),shareholder_capital,raw,float64,confirmed,mootdx.financial.columns;TdxQuant.get_financial_data
273,fn273,银行持股量(股)(机构持股),shareholder_capital,raw,float64,confirmed,mootdx.financial.columns;TdxQuant.get_financial_data
274,fn274,一般法人机构数(家)(机构持股),shareholder_capital,raw,float64,confirmed,mootdx.financial.columns;TdxQuant.get_financial_data
275,fn275,一般法人持股量(股)(机构持股),shareholder_capital,raw,float64,confirmed,mootdx.financial.columns;TdxQuant.get_financial_data
276,fn276,近一年净利润(元),shareholder_capital,raw,float64,confirmed,mootdx.financial.columns;TdxQuant.get_financial_data
277,fn277,信托机构数(家)(机构持股),shareholder_capital,raw,float64,confirmed,mootdx.financial.columns;TdxQuant.get_financial_data
278,fn278,信托持股量(股)(机构持股),shareholder_capital,raw,float64,confirmed,mootdx.financial.columns;TdxQuant.get_financial_data
279,fn279,特殊法人机构数(家)(机构持股),shareholder_capital,raw,float64,confirmed,mootdx.financial.columns;TdxQuant.get_financial_data
280,fn280,特殊法人持股量(股)(机构持股),shareholder_capital,raw,float64,confirmed,mootdx.financial.columns;TdxQuant.get_financial_data
281,fn281,加权净资产收益率(每股指标),financial_statement,percent_or_ratio,float64,confirmed,mootdx.financial.columns;TdxQuant.get_financial_data
282,fn282,扣非每股收益(单季度财务指标),financial_statement,per_share,float64,confirmed,mootdx.financial.columns;TdxQuant.get_financial_data
283,fn283,最近一年营业收入(万元),financial_statement,raw,float64,confirmed,mootdx.financial.columns;TdxQuant.get_financial_data
284,fn284,国家队持股数量（万股)[注：本指标统计包含汇金公司、证金公司、外汇管理局旗下投资平台、国家队基金、国开、养老金以及中科汇通等国家队机构持股数量],financial_statement,raw,float64,confirmed,mootdx.financial.columns;TdxQuant.get_financial_data
285,fn285,业绩预告-本期归母净利润同比增幅下限%[注：指标285至294展示未来一个报告期的数据。例，3月31日至6月29日这段时间内展示的是中报的数据；如果最新的财务报告后面有多个报告期的业绩预告/快报，只能展示最新的财务报告后面的一个报告期的业绩预告/快报],forecast_express,percent_or_ratio,float64,confirmed,mootdx.financial.columns;TdxQuant.get_financial_data
286,fn286,业绩预告-本期归母净利润同比增幅上限%,forecast_express,percent_or_ratio,float64,confirmed,mootdx.financial.columns;TdxQuant.get_financial_data
287,fn287,业绩快报-归母净利润,forecast_express,raw,float64,confirmed,mootdx.financial.columns;TdxQuant.get_financial_data
288,fn288,业绩快报-扣非净利润,forecast_express,raw,float64,confirmed,mootdx.financial.columns;TdxQuant.get_financial_data
289,fn289,业绩快报-总资产,forecast_express,raw,float64,confirmed,mootdx.financial.columns;TdxQuant.get_financial_data
290,fn290,业绩快报-净资产,forecast_express,raw,float64,confirmed,mootdx.financial.columns;TdxQuant.get_financial_data
291,fn291,业绩快报-每股收益,forecast_express,per_share,float64,confirmed,mootdx.financial.columns;TdxQuant.get_financial_data
292,fn292,业绩快报-摊薄净资产收益率,forecast_express,percent_or_ratio,float64,confirmed,mootdx.financial.columns;TdxQuant.get_financial_data
293,fn293,业绩快报-加权净资产收益率,forecast_express,percent_or_ratio,float64,confirmed,mootdx.financial.columns;TdxQuant.get_financial_data
294,fn294,业绩快报-每股净资产,forecast_express,per_share,float64,confirmed,mootdx.financial.columns;TdxQuant.get_financial_data
295,fn295,应付票据及应付账款(资产负债表),forecast_express,raw,float64,confirmed,mootdx.financial.columns;TdxQuant.get_financial_data
296,fn296,应收票据及应收账款(资产负债表),forecast_express,raw,float64,confirmed,mootdx.financial.columns;TdxQuant.get_financial_data
297,fn297,递延收益(资产负债表-非流动负债),forecast_express,raw,float64,confirmed,mootdx.financial.columns;TdxQuant.get_financial_data
298,fn298,其他综合收益(资产负债表),forecast_express,raw,float64,confirmed,mootdx.financial.columns;TdxQuant.get_financial_data
299,fn299,其他权益工具(资产负债表),forecast_express,raw,float64,confirmed,mootdx.financial.columns;TdxQuant.get_financial_data
300,fn300,其他收益(利润表),forecast_express,raw,float64,confirmed,mootdx.financial.columns;TdxQuant.get_financial_data
301,fn301,资产处置收益(利润表),forecast_express,raw,float64,confirmed,mootdx.financial.columns;TdxQuant.get_financial_data
302,fn302,持续经营净利润(利润表),forecast_express,raw,float64,confirmed,mootdx.financial.columns;TdxQuant.get_financial_data
303,fn303,终止经营净利润(利润表),forecast_express,raw,float64,confirmed,mootdx.financial.columns;TdxQuant.get_financial_data
304,fn304,研发费用(利润表),forecast_express,raw,float64,confirmed,mootdx.financial.columns;TdxQuant.get_financial_data
305,fn305,其中:利息费用(利润表-财务费用),forecast_express,raw,float64,confirmed,mootdx.financial.columns;TdxQuant.get_financial_data
306,fn306,其中:利息收入(利润表-财务费用),forecast_express,raw,float64,confirmed,mootdx.financial.columns;TdxQuant.get_financial_data
307,fn307,近一年经营活动现金流净额,forecast_express,raw,float64,confirmed,mootdx.financial.columns;TdxQuant.get_financial_data
308,fn308,近一年归母净利润(万元),forecast_express,raw,float64,confirmed,mootdx.financial.columns;TdxQuant.get_financial_data
309,fn309,近一年扣非净利润(万元),forecast_express,raw,float64,confirmed,mootdx.financial.columns;TdxQuant.get_financial_data
310,fn310,近一年现金净流量(万元),forecast_express,raw,float64,confirmed,mootdx.financial.columns;TdxQuant.get_financial_data
311,fn311,基本每股收益（单季度）,forecast_express,per_share,float64,confirmed,mootdx.financial.columns;TdxQuant.get_financial_data
312,fn312,营业总收入(单季度)(万元),forecast_express,raw,float64,confirmed,mootdx.financial.columns;TdxQuant.get_financial_data
313,fn313,"业绩预告公告日期 [注：本指标展示未来一个报告期的数据。例,3月31日至6月29日这段时间内展示的是中报的数据；如果最新的财务报告后面有多个报告期的业绩预告/快报，只能展示最新的财务报告后面的一个报告期的业绩预告/快报的数据；公告日期格式为YYMMDD，例：190101代表2019年1月1日]",forecast_express,date_yyyymmdd,float64,confirmed,mootdx.financial.columns;TdxQuant.get_financial_data
314,fn314,"财报公告日期 [注：日期格式为YYMMDD,例：190101代表2019年1月1日]",forecast_express,date_yyyymmdd,float64,confirmed,mootdx.financial.columns;TdxQuant.get_financial_data
315,fn315,"业绩快报公告日期 [注：本指标展示未来一个报告期的数据。例,3月31日至6月29日这段时间内展示的是中报的数据；如果最新的财务报告后面有多个报告期的业绩预告/快报，只能展示最新的财务报告后面的一个报告期的业绩预告/快报的数据；公告日期格式为YYMMDD，例：190101代表2019年1月1日]",forecast_express,date_yyyymmdd,float64,confirmed,mootdx.financial.columns;TdxQuant.get_financial_data
316,fn316,近一年投资活动现金流净额(万元),forecast_express,raw,float64,confirmed,mootdx.financial.columns;TdxQuant.get_financial_data
317,fn317,业绩预告-本期归母净利润下限(万元)[注：指标317至318展示未来一个报告期的数据。例，3月31日至6月29日这段时间内展示的是中报的数据；如果最新的财务报告后面有多个报告期的业绩预告/快报，只能展示最新的财务报告后面的一个报告期的业绩预告/快报],forecast_express,raw,float64,confirmed,mootdx.financial.columns;TdxQuant.get_financial_data
318,fn318,业绩预告-本期归母净利润上限(万元),forecast_express,raw,float64,confirmed,mootdx.financial.columns;TdxQuant.get_financial_data
319,fn319,营业总收入TTM(万元),forecast_express,raw,float64,confirmed,mootdx.financial.columns;TdxQuant.get_financial_data
320,fn320,员工总数(人),forecast_express,raw,float64,confirmed,mootdx.financial.columns;TdxQuant.get_financial_data
321,fn321,每股企业自由现金流,forecast_express,per_share,float64,confirmed,mootdx.financial.columns;TdxQuant.get_financial_data
322,fn322,每股股东自由现金流,forecast_express,per_share,float64,confirmed,mootdx.financial.columns;TdxQuant.get_financial_data
323,fn323,近一年营业利润(万元),forecast_express,raw,float64,confirmed,mootdx.financial.columns;TdxQuant.get_financial_data
324,fn324,净利润（单季度）(万元),forecast_express,raw,float64,confirmed,mootdx.financial.columns;TdxQuant.get_financial_data
325,fn325,北上资金数（家）(机构持股）,forecast_express,raw,float64,confirmed,mootdx.financial.columns;TdxQuant.get_financial_data
326,fn326,北上资金持股量（股）(机构持股）,forecast_express,raw,float64,confirmed,mootdx.financial.columns;TdxQuant.get_financial_data
327,fn327,有息负债率,forecast_express,percent_or_ratio,float64,confirmed,mootdx.financial.columns;TdxQuant.get_financial_data
328,fn328,营业成本（单季度）(万元),forecast_express,raw,float64,confirmed,mootdx.financial.columns;TdxQuant.get_financial_data
329,fn329,投入资本回报率（ROIC）(获利能力分析),forecast_express,percent_or_ratio,float64,confirmed,mootdx.financial.columns;TdxQuant.get_financial_data
330,fn330,业绩快报-营业收入（本期）,forecast_express,raw,float64,confirmed,mootdx.financial.columns;TdxQuant.get_financial_data
331,fn331,业绩快报-营业收入（上期）,forecast_express,raw,float64,confirmed,mootdx.financial.columns;TdxQuant.get_financial_data
332,fn332,业绩快报-营业利润（本期）,forecast_express,raw,float64,confirmed,mootdx.financial.columns;TdxQuant.get_financial_data
333,fn333,业绩快报-营业利润（上期）,forecast_express,raw,float64,confirmed,mootdx.financial.columns;TdxQuant.get_financial_data
334,fn334,业绩快报-利润总额（本期）,forecast_express,raw,float64,confirmed,mootdx.financial.columns;TdxQuant.get_financial_data
335,fn335,业绩快报-利润总额（上期）,forecast_express,raw,float64,confirmed,mootdx.financial.columns;TdxQuant.get_financial_data
336,fn336,"审计意见  [注：0-未审计,1-无保留意见,2-带强调事项段的无保留意见,3-保留意见,4-无法表示意见,5-否定意见及其他]",forecast_express,raw,float64,confirmed,mootdx.financial.columns;TdxQuant.get_financial_data
337,fn337,股利支付率（%）,forecast_express,percent_or_ratio,float64,confirmed,mootdx.financial.columns;TdxQuant.get_financial_data
338,fn338,近一年营业成本-非金融类(万元),forecast_express,raw,float64,confirmed,mootdx.financial.columns;TdxQuant.get_financial_data
339,fn339,近一年营业成本-金融类(万元),forecast_express,raw,float64,confirmed,mootdx.financial.columns;TdxQuant.get_financial_data
340,fn340,业绩预告-本期扣非后净利润下限(万元),forecast_express,raw,float64,confirmed,mootdx.financial.columns;TdxQuant.get_financial_data
341,fn341,业绩预告-本期扣非后净利润上限(万元),forecast_express,raw,float64,confirmed,mootdx.financial.columns;TdxQuant.get_financial_data
342,fn342,业绩预告-本期扣非后净利润同比增长下限（%）,forecast_express,percent_or_ratio,float64,confirmed,mootdx.financial.columns;TdxQuant.get_financial_data
343,fn343,业绩预告-本期扣非后净利润同比增长上限（%）,forecast_express,percent_or_ratio,float64,confirmed,mootdx.financial.columns;TdxQuant.get_financial_data
344,fn344,业绩预告-预告基本每股收益下限(元),forecast_express,per_share,float64,confirmed,mootdx.financial.columns;TdxQuant.get_financial_data
345,fn345,业绩预告-预告基本每股收益上限(元),forecast_express,per_share,float64,confirmed,mootdx.financial.columns;TdxQuant.get_financial_data
346,fn346,业绩预告-预告基本每股收益同比增长下限（%）,forecast_express,percent_or_ratio,float64,confirmed,mootdx.financial.columns;TdxQuant.get_financial_data
347,fn347,业绩预告-预告基本每股收益同比增长上限（%）,forecast_express,percent_or_ratio,float64,confirmed,mootdx.financial.columns;TdxQuant.get_financial_data
348,fn348,业绩预告-预告扣非后基本每股收益下限(元),forecast_express,per_share,float64,confirmed,mootdx.financial.columns;TdxQuant.get_financial_data
349,fn349,业绩预告-预告扣非后基本每股收益上限(元),forecast_express,per_share,float64,confirmed,mootdx.financial.columns;TdxQuant.get_financial_data
350,fn350,业绩预告-预告扣非后基本每股收益同比增长下限（%）,forecast_express,percent_or_ratio,float64,confirmed,mootdx.financial.columns;TdxQuant.get_financial_data
351,fn351,业绩预告-预告扣非后基本每股收益同比增长上限（%）,forecast_express,percent_or_ratio,float64,confirmed,mootdx.financial.columns;TdxQuant.get_financial_data
352,fn352,业绩预告-预告营业收入下限(万元),forecast_express,raw,float64,confirmed,mootdx.financial.columns;TdxQuant.get_financial_data
353,fn353,业绩预告-预告营业收入上限(万元),forecast_express,raw,float64,confirmed,mootdx.financial.columns;TdxQuant.get_financial_data
354,fn354,业绩预告-预告营业收入同比增长下限（%）,forecast_express,percent_or_ratio,float64,confirmed,mootdx.financial.columns;TdxQuant.get_financial_data
355,fn355,业绩预告-预告营业收入同比增长上限（%）,forecast_express,percent_or_ratio,float64,confirmed,mootdx.financial.columns;TdxQuant.get_financial_data
356,fn356,业绩预告-预告扣除后营业收入下限(万元),forecast_express,raw,float64,confirmed,mootdx.financial.columns;TdxQuant.get_financial_data
357,fn357,业绩预告-预告扣除后营业收入上限(万元),forecast_express,raw,float64,confirmed,mootdx.financial.columns;TdxQuant.get_financial_data
358,fn358,主营业务收入(内销)(万元),forecast_express,raw,float64,confirmed,mootdx.financial.columns;TdxQuant.get_financial_data
359,fn359,主营业务收入(外销)(万元),forecast_express,raw,float64,confirmed,mootdx.financial.columns;TdxQuant.get_financial_data
360,fn360,资管计划机构数(家),forecast_express,raw,float64,confirmed,mootdx.financial.columns;TdxQuant.get_financial_data
361,fn361,资管计划持股量(股),financial_statement,raw,float64,confirmed,mootdx.financial.columns;TdxQuant.get_financial_data
362,fn362,财务总评分,financial_statement,raw,float64,confirmed,mootdx.financial.columns;TdxQuant.get_financial_data
363,fn363,col363,financial_statement,raw,float64,placeholder,mootdx.financial.columns;TdxQuant.get_financial_data
364,fn364,col364,financial_statement,raw,float64,placeholder,mootdx.financial.columns;TdxQuant.get_financial_data
365,fn365,col365,financial_statement,raw,float64,placeholder,mootdx.financial.columns;TdxQuant.get_financial_data
366,fn366,col366,financial_statement,raw,float64,placeholder,mootdx.financial.columns;TdxQuant.get_financial_data
367,fn367,col367,financial_statement,raw,float64,placeholder,mootdx.financial.columns;TdxQuant.get_financial_data
368,fn368,col368,financial_statement,raw,float64,placeholder,mootdx.financial.columns;TdxQuant.get_financial_data
369,fn369,col369,financial_statement,raw,float64,placeholder,mootdx.financial.columns;TdxQuant.get_financial_data
370,fn370,col370,financial_statement,raw,float64,placeholder,mootdx.financial.columns;TdxQuant.get_financial_data
371,fn371,col371,financial_statement,raw,float64,placeholder,mootdx.financial.columns;TdxQuant.get_financial_data
372,fn372,col372,financial_statement,raw,float64,placeholder,mootdx.financial.columns;TdxQuant.get_financial_data
373,fn373,col373,financial_statement,raw,float64,placeholder,mootdx.financial.columns;TdxQuant.get_financial_data
374,fn374,col374,financial_statement,raw,float64,placeholder,mootdx.financial.columns;TdxQuant.get_financial_data
375,fn375,col375,financial_statement,raw,float64,placeholder,mootdx.financial.columns;TdxQuant.get_financial_data
376,fn376,col376,financial_statement,raw,float64,placeholder,mootdx.financial.columns;TdxQuant.get_financial_data
377,fn377,col377,financial_statement,raw,float64,placeholder,mootdx.financial.columns;TdxQuant.get_financial_data
378,fn378,col378,financial_statement,raw,float64,placeholder,mootdx.financial.columns;TdxQuant.get_financial_data
379,fn379,col379,financial_statement,raw,float64,placeholder,mootdx.financial.columns;TdxQuant.get_financial_data
380,fn380,col380,financial_statement,raw,float64,placeholder,mootdx.financial.columns;TdxQuant.get_financial_data
381,fn381,col381,financial_statement,raw,float64,placeholder,mootdx.financial.columns;TdxQuant.get_financial_data
382,fn382,col382,financial_statement,raw,float64,placeholder,mootdx.financial.columns;TdxQuant.get_financial_data
383,fn383,col383,financial_statement,raw,float64,placeholder,mootdx.financial.columns;TdxQuant.get_financial_data
384,fn384,col384,financial_statement,raw,float64,placeholder,mootdx.financial.columns;TdxQuant.get_financial_data
385,fn385,col385,financial_statement,raw,float64,placeholder,mootdx.financial.columns;TdxQuant.get_financial_data
386,fn386,col386,financial_statement,raw,float64,placeholder,mootdx.financial.columns;TdxQuant.get_financial_data
387,fn387,col387,financial_statement,raw,float64,placeholder,mootdx.financial.columns;TdxQuant.get_financial_data
388,fn388,col388,financial_statement,raw,float64,placeholder,mootdx.financial.columns;TdxQuant.get_financial_data
389,fn389,col389,financial_statement,raw,float64,placeholder,mootdx.financial.columns;TdxQuant.get_financial_data
390,fn390,col390,financial_statement,raw,float64,placeholder,mootdx.financial.columns;TdxQuant.get_financial_data
391,fn391,col391,financial_statement,raw,float64,placeholder,mootdx.financial.columns;TdxQuant.get_financial_data
392,fn392,col392,financial_statement,raw,float64,placeholder,mootdx.financial.columns;TdxQuant.get_financial_data
393,fn393,col393,financial_statement,raw,float64,placeholder,mootdx.financial.columns;TdxQuant.get_financial_data
394,fn394,col394,financial_statement,raw,float64,placeholder,mootdx.financial.columns;TdxQuant.get_financial_data
395,fn395,col395,financial_statement,raw,float64,placeholder,mootdx.financial.columns;TdxQuant.get_financial_data
396,fn396,col396,financial_statement,raw,float64,placeholder,mootdx.financial.columns;TdxQuant.get_financial_data
397,fn397,col397,financial_statement,raw,float64,placeholder,mootdx.financial.columns;TdxQuant.get_financial_data
398,fn398,col398,financial_statement,raw,float64,placeholder,mootdx.financial.columns;TdxQuant.get_financial_data
399,fn399,col399,financial_statement,raw,float64,placeholder,mootdx.financial.columns;TdxQuant.get_financial_data
400,fn400,col400,financial_statement,raw,float64,placeholder,mootdx.financial.columns;TdxQuant.get_financial_data
401,fn401,专项储备(万元),extended_statement,raw,float64,confirmed,mootdx.financial.columns;TdxQuant.get_financial_data
402,fn402,结算备付金(万元),extended_statement,raw,float64,confirmed,mootdx.financial.columns;TdxQuant.get_financial_data
403,fn403,拆出资金(万元),extended_statement,raw,float64,confirmed,mootdx.financial.columns;TdxQuant.get_financial_data
404,fn404,发放贷款及垫款(万元)(流动资产科目),extended_statement,raw,float64,confirmed,mootdx.financial.columns;TdxQuant.get_financial_data
405,fn405,衍生金融资产(万元),extended_statement,raw,float64,confirmed,mootdx.financial.columns;TdxQuant.get_financial_data
406,fn406,应收保费(万元),extended_statement,raw,float64,confirmed,mootdx.financial.columns;TdxQuant.get_financial_data
407,fn407,应收分保账款(万元),extended_statement,raw,float64,confirmed,mootdx.financial.columns;TdxQuant.get_financial_data
408,fn408,应收分保合同准备金(万元),extended_statement,raw,float64,confirmed,mootdx.financial.columns;TdxQuant.get_financial_data
409,fn409,买入返售金融资产(万元),extended_statement,raw,float64,confirmed,mootdx.financial.columns;TdxQuant.get_financial_data
410,fn410,划分为持有待售的资产(万元),extended_statement,raw,float64,confirmed,mootdx.financial.columns;TdxQuant.get_financial_data
411,fn411,发放贷款及垫款(万元)(非流动资产科目),extended_statement,raw,float64,confirmed,mootdx.financial.columns;TdxQuant.get_financial_data
412,fn412,向中央银行借款(万元),extended_statement,raw,float64,confirmed,mootdx.financial.columns;TdxQuant.get_financial_data
413,fn413,吸收存款及同业存放(万元),extended_statement,raw,float64,confirmed,mootdx.financial.columns;TdxQuant.get_financial_data
414,fn414,拆入资金(万元),extended_statement,raw,float64,confirmed,mootdx.financial.columns;TdxQuant.get_financial_data
415,fn415,衍生金融负债(万元),extended_statement,raw,float64,confirmed,mootdx.financial.columns;TdxQuant.get_financial_data
416,fn416,卖出回购金融资产款(万元),extended_statement,raw,float64,confirmed,mootdx.financial.columns;TdxQuant.get_financial_data
417,fn417,应付手续费及佣金(万元),extended_statement,raw,float64,confirmed,mootdx.financial.columns;TdxQuant.get_financial_data
418,fn418,应付分保账款(万元),extended_statement,raw,float64,confirmed,mootdx.financial.columns;TdxQuant.get_financial_data
419,fn419,保险合同准备金(万元),extended_statement,raw,float64,confirmed,mootdx.financial.columns;TdxQuant.get_financial_data
420,fn420,代理买卖证券款(万元),extended_statement,raw,float64,confirmed,mootdx.financial.columns;TdxQuant.get_financial_data
421,fn421,代理承销证券款(万元),extended_statement,raw,float64,confirmed,mootdx.financial.columns;TdxQuant.get_financial_data
422,fn422,划分为持有待售的负债(万元),extended_statement,raw,float64,confirmed,mootdx.financial.columns;TdxQuant.get_financial_data
423,fn423,预计负债(万元) （流动负债）,extended_statement,raw,float64,confirmed,mootdx.financial.columns;TdxQuant.get_financial_data
424,fn424,递延收益(万元)（流动负债科目，公告此科目的股票较少，大部分公司没有此数据）,extended_statement,raw,float64,confirmed,mootdx.financial.columns;TdxQuant.get_financial_data
425,fn425,其中:优先股(万元)(非流动负债科目),extended_statement,raw,float64,confirmed,mootdx.financial.columns;TdxQuant.get_financial_data
426,fn426,永续债(万元)(非流动负债科目),extended_statement,raw,float64,confirmed,mootdx.financial.columns;TdxQuant.get_financial_data
427,fn427,长期应付职工薪酬(万元),extended_statement,raw,float64,confirmed,mootdx.financial.columns;TdxQuant.get_financial_data
428,fn428,其中:优先股(万元)(所有者权益科目),extended_statement,raw,float64,confirmed,mootdx.financial.columns;TdxQuant.get_financial_data
429,fn429,永续债(万元)(所有者权益科目),extended_statement,raw,float64,confirmed,mootdx.financial.columns;TdxQuant.get_financial_data
430,fn430,债权投资(万元),extended_statement,raw,float64,confirmed,mootdx.financial.columns;TdxQuant.get_financial_data
431,fn431,其他债权投资(万元),extended_statement,raw,float64,confirmed,mootdx.financial.columns;TdxQuant.get_financial_data
432,fn432,其他权益工具投资(万元),extended_statement,raw,float64,confirmed,mootdx.financial.columns;TdxQuant.get_financial_data
433,fn433,其他非流动金融资产(万元),extended_statement,raw,float64,confirmed,mootdx.financial.columns;TdxQuant.get_financial_data
434,fn434,合同负债(万元),extended_statement,raw,float64,confirmed,mootdx.financial.columns;TdxQuant.get_financial_data
435,fn435,合同资产(万元),extended_statement,raw,float64,confirmed,mootdx.financial.columns;TdxQuant.get_financial_data
436,fn436,其他资产(万元),extended_statement,raw,float64,confirmed,mootdx.financial.columns;TdxQuant.get_financial_data
437,fn437,应收款项融资(万元),extended_statement,raw,float64,confirmed,mootdx.financial.columns;TdxQuant.get_financial_data
438,fn438,使用权资产(万元),extended_statement,raw,float64,confirmed,mootdx.financial.columns;TdxQuant.get_financial_data
439,fn439,租赁负债(万元),extended_statement,raw,float64,confirmed,mootdx.financial.columns;TdxQuant.get_financial_data
440,fn440,发放贷款及垫款(万元)  [注：金融类科目],extended_statement,raw,float64,confirmed,mootdx.financial.columns;TdxQuant.get_financial_data
441,fn441,应收款项(万元)  [注：证券类指标],extended_statement,raw,float64,confirmed,mootdx.financial.columns;TdxQuant.get_financial_data
442,fn442,存出保证金(万元)  [注：证券类指标],extended_statement,raw,float64,confirmed,mootdx.financial.columns;TdxQuant.get_financial_data
443,fn443,现金及存放中央银行款项(万元)  [注：金融类科目],extended_statement,raw,float64,confirmed,mootdx.financial.columns;TdxQuant.get_financial_data
444,fn444,贵金属(万元)  [注：金融类科目],extended_statement,raw,float64,confirmed,mootdx.financial.columns;TdxQuant.get_financial_data
445,fn445,以公允价值计量且其变动计入当期损益的金融资产(万元)  [注：金融类科目],extended_statement,raw,float64,confirmed,mootdx.financial.columns;TdxQuant.get_financial_data
446,fn446,代理业务资产(万元)  [注：金融类科目],extended_statement,raw,float64,confirmed,mootdx.financial.columns;TdxQuant.get_financial_data
447,fn447,应收款项类投资(万元)  [注：金融类科目],extended_statement,raw,float64,confirmed,mootdx.financial.columns;TdxQuant.get_financial_data
448,fn448,同业及其它金融机构存放款项(万元)  [注：金融类科目],extended_statement,raw,float64,confirmed,mootdx.financial.columns;TdxQuant.get_financial_data
449,fn449,以公允价值计量且其变动计入当期损益的金融负债(万元)  [注：金融类科目],extended_statement,raw,float64,confirmed,mootdx.financial.columns;TdxQuant.get_financial_data
450,fn450,吸收存款(万元)  [注：金融类科目],extended_statement,raw,float64,confirmed,mootdx.financial.columns;TdxQuant.get_financial_data
451,fn451,代理业务负债(万元)  [注：金融类科目],extended_statement,raw,float64,confirmed,mootdx.financial.columns;TdxQuant.get_financial_data
452,fn452,其他负债(万元)  [注：金融类科目],extended_statement,raw,float64,confirmed,mootdx.financial.columns;TdxQuant.get_financial_data
453,fn453,发放贷款及垫款(万元)  [注：金融类科目],extended_statement,raw,float64,confirmed,mootdx.financial.columns;TdxQuant.get_financial_data
454,fn454,col454,extended_statement,raw,float64,placeholder,mootdx.financial.columns;TdxQuant.get_financial_data
455,fn455,col455,extended_statement,raw,float64,placeholder,mootdx.financial.columns;TdxQuant.get_financial_data
456,fn456,col456,extended_statement,raw,float64,placeholder,mootdx.financial.columns;TdxQuant.get_financial_data
457,fn457,col457,extended_statement,raw,float64,placeholder,mootdx.financial.columns;TdxQuant.get_financial_data
458,fn458,col458,extended_statement,raw,float64,placeholder,mootdx.financial.columns;TdxQuant.get_financial_data
459,fn459,col459,extended_statement,raw,float64,placeholder,mootdx.financial.columns;TdxQuant.get_financial_data
460,fn460,col460,extended_statement,raw,float64,placeholder,mootdx.financial.columns;TdxQuant.get_financial_data
461,fn461,col461,extended_statement,raw,float64,placeholder,mootdx.financial.columns;TdxQuant.get_financial_data
462,fn462,col462,extended_statement,raw,float64,placeholder,mootdx.financial.columns;TdxQuant.get_financial_data
463,fn463,col463,extended_statement,raw,float64,placeholder,mootdx.financial.columns;TdxQuant.get_financial_data
464,fn464,col464,extended_statement,raw,float64,placeholder,mootdx.financial.columns;TdxQuant.get_financial_data
465,fn465,col465,extended_statement,raw,float64,placeholder,mootdx.financial.columns;TdxQuant.get_financial_data
466,fn466,col466,extended_statement,raw,float64,placeholder,mootdx.financial.columns;TdxQuant.get_financial_data
467,fn467,col467,extended_statement,raw,float64,placeholder,mootdx.financial.columns;TdxQuant.get_financial_data
468,fn468,col468,extended_statement,raw,float64,placeholder,mootdx.financial.columns;TdxQuant.get_financial_data
469,fn469,col469,extended_statement,raw,float64,placeholder,mootdx.financial.columns;TdxQuant.get_financial_data
470,fn470,col470,extended_statement,raw,float64,placeholder,mootdx.financial.columns;TdxQuant.get_financial_data
471,fn471,col471,extended_statement,raw,float64,placeholder,mootdx.financial.columns;TdxQuant.get_financial_data
472,fn472,col472,extended_statement,raw,float64,placeholder,mootdx.financial.columns;TdxQuant.get_financial_data
473,fn473,col473,extended_statement,raw,float64,placeholder,mootdx.financial.columns;TdxQuant.get_financial_data
474,fn474,col474,extended_statement,raw,float64,placeholder,mootdx.financial.columns;TdxQuant.get_financial_data
475,fn475,col475,extended_statement,raw,float64,placeholder,mootdx.financial.columns;TdxQuant.get_financial_data
476,fn476,col476,extended_statement,raw,float64,placeholder,mootdx.financial.columns;TdxQuant.get_financial_data
477,fn477,col477,extended_statement,raw,float64,placeholder,mootdx.financial.columns;TdxQuant.get_financial_data
478,fn478,col478,extended_statement,raw,float64,placeholder,mootdx.financial.columns;TdxQuant.get_financial_data
479,fn479,col479,extended_statement,raw,float64,placeholder,mootdx.financial.columns;TdxQuant.get_financial_data
480,fn480,col480,extended_statement,raw,float64,placeholder,mootdx.financial.columns;TdxQuant.get_financial_data
481,fn481,col481,extended_statement,raw,float64,placeholder,mootdx.financial.columns;TdxQuant.get_financial_data
482,fn482,col482,extended_statement,raw,float64,placeholder,mootdx.financial.columns;TdxQuant.get_financial_data
483,fn483,col483,extended_statement,raw,float64,placeholder,mootdx.financial.columns;TdxQuant.get_financial_data
484,fn484,col484,extended_statement,raw,float64,placeholder,mootdx.financial.columns;TdxQuant.get_financial_data
485,fn485,col485,extended_statement,raw,float64,placeholder,mootdx.financial.columns;TdxQuant.get_financial_data
486,fn486,col486,extended_statement,raw,float64,placeholder,mootdx.financial.columns;TdxQuant.get_financial_data
487,fn487,col487,extended_statement,raw,float64,placeholder,mootdx.financial.columns;TdxQuant.get_financial_data
488,fn488,col488,extended_statement,raw,float64,placeholder,mootdx.financial.columns;TdxQuant.get_financial_data
489,fn489,col489,extended_statement,raw,float64,placeholder,mootdx.financial.columns;TdxQuant.get_financial_data
490,fn490,col490,extended_statement,raw,float64,placeholder,mootdx.financial.columns;TdxQuant.get_financial_data
491,fn491,col491,extended_statement,raw,float64,placeholder,mootdx.financial.columns;TdxQuant.get_financial_data
492,fn492,col492,extended_statement,raw,float64,placeholder,mootdx.financial.columns;TdxQuant.get_financial_data
493,fn493,col493,extended_statement,raw,float64,placeholder,mootdx.financial.columns;TdxQuant.get_financial_data
494,fn494,col494,extended_statement,raw,float64,placeholder,mootdx.financial.columns;TdxQuant.get_financial_data
495,fn495,col495,extended_statement,raw,float64,placeholder,mootdx.financial.columns;TdxQuant.get_financial_data
496,fn496,col496,extended_statement,raw,float64,placeholder,mootdx.financial.columns;TdxQuant.get_financial_data
497,fn497,col497,extended_statement,raw,float64,placeholder,mootdx.financial.columns;TdxQuant.get_financial_data
498,fn498,col498,extended_statement,raw,float64,placeholder,mootdx.financial.columns;TdxQuant.get_financial_data
499,fn499,col499,extended_statement,raw,float64,placeholder,mootdx.financial.columns;TdxQuant.get_financial_data
500,fn500,col500,extended_statement,raw,float64,placeholder,mootdx.financial.columns;TdxQuant.get_financial_data
501,fn501,稀释每股收益(元),extended_statement,per_share,float64,confirmed,mootdx.financial.columns;TdxQuant.get_financial_data
502,fn502,营业总收入(万元),extended_statement,raw,float64,confirmed,mootdx.financial.columns;TdxQuant.get_financial_data
503,fn503,汇兑收益(万元),extended_statement,raw,float64,confirmed,mootdx.financial.columns;TdxQuant.get_financial_data
504,fn504,其中:归属于母公司综合收益(万元),extended_statement,raw,float64,confirmed,mootdx.financial.columns;TdxQuant.get_financial_data
505,fn505,其中:归属于少数股东综合收益(万元),extended_statement,raw,float64,confirmed,mootdx.financial.columns;TdxQuant.get_financial_data
506,fn506,利息收入(万元),extended_statement,raw,float64,confirmed,mootdx.financial.columns;TdxQuant.get_financial_data
507,fn507,已赚保费(万元),extended_statement,raw,float64,confirmed,mootdx.financial.columns;TdxQuant.get_financial_data
508,fn508,手续费及佣金收入(万元),extended_statement,raw,float64,confirmed,mootdx.financial.columns;TdxQuant.get_financial_data
509,fn509,利息支出(万元),extended_statement,raw,float64,confirmed,mootdx.financial.columns;TdxQuant.get_financial_data
510,fn510,手续费及佣金支出(万元),extended_statement,raw,float64,confirmed,mootdx.financial.columns;TdxQuant.get_financial_data
511,fn511,退保金(万元),extended_statement,raw,float64,confirmed,mootdx.financial.columns;TdxQuant.get_financial_data
512,fn512,赔付支出净额(万元),extended_statement,raw,float64,confirmed,mootdx.financial.columns;TdxQuant.get_financial_data
513,fn513,提取保险合同准备金净额(万元),extended_statement,raw,float64,confirmed,mootdx.financial.columns;TdxQuant.get_financial_data
514,fn514,保单红利支出(万元),extended_statement,raw,float64,confirmed,mootdx.financial.columns;TdxQuant.get_financial_data
515,fn515,分保费用(万元),extended_statement,raw,float64,confirmed,mootdx.financial.columns;TdxQuant.get_financial_data
516,fn516,其中:非流动资产处置利得(万元),extended_statement,raw,float64,confirmed,mootdx.financial.columns;TdxQuant.get_financial_data
517,fn517,信用减值损失(万元),extended_statement,raw,float64,confirmed,mootdx.financial.columns;TdxQuant.get_financial_data
518,fn518,净敞口套期收益(万元),extended_statement,raw,float64,confirmed,mootdx.financial.columns;TdxQuant.get_financial_data
519,fn519,营业总成本(万元),extended_statement,raw,float64,confirmed,mootdx.financial.columns;TdxQuant.get_financial_data
520,fn520,信用减值损失(万元、2019格式),extended_statement,raw,float64,confirmed,mootdx.financial.columns;TdxQuant.get_financial_data
521,fn521,资产减值损失(万元、2019格式),extended_statement,raw,float64,confirmed,mootdx.financial.columns;TdxQuant.get_financial_data
522,fn522,其他业务收入(万元)  [注：金融类科目],extended_statement,raw,float64,confirmed,mootdx.financial.columns;TdxQuant.get_financial_data
523,fn523,业务及管理费(万元)  [注：金融类科目],extended_statement,raw,float64,confirmed,mootdx.financial.columns;TdxQuant.get_financial_data
524,fn524,其他业务成本(万元)  [注：金融类科目],extended_statement,raw,float64,confirmed,mootdx.financial.columns;TdxQuant.get_financial_data
525,fn525,col525,extended_statement,raw,float64,placeholder,mootdx.financial.columns;TdxQuant.get_financial_data
526,fn526,col526,extended_statement,raw,float64,placeholder,mootdx.financial.columns;TdxQuant.get_financial_data
527,fn527,col527,extended_statement,raw,float64,placeholder,mootdx.financial.columns;TdxQuant.get_financial_data
528,fn528,col528,extended_statement,raw,float64,placeholder,mootdx.financial.columns;TdxQuant.get_financial_data
529,fn529,col529,extended_statement,raw,float64,placeholder,mootdx.financial.columns;TdxQuant.get_financial_data
530,fn530,col530,extended_statement,raw,float64,placeholder,mootdx.financial.columns;TdxQuant.get_financial_data
531,fn531,col531,extended_statement,raw,float64,placeholder,mootdx.financial.columns;TdxQuant.get_financial_data
532,fn532,col532,extended_statement,raw,float64,placeholder,mootdx.financial.columns;TdxQuant.get_financial_data
533,fn533,col533,extended_statement,raw,float64,placeholder,mootdx.financial.columns;TdxQuant.get_financial_data
534,fn534,col534,extended_statement,raw,float64,placeholder,mootdx.financial.columns;TdxQuant.get_financial_data
535,fn535,col535,extended_statement,raw,float64,placeholder,mootdx.financial.columns;TdxQuant.get_financial_data
536,fn536,col536,extended_statement,raw,float64,placeholder,mootdx.financial.columns;TdxQuant.get_financial_data
537,fn537,col537,extended_statement,raw,float64,placeholder,mootdx.financial.columns;TdxQuant.get_financial_data
538,fn538,col538,extended_statement,raw,float64,placeholder,mootdx.financial.columns;TdxQuant.get_financial_data
539,fn539,col539,extended_statement,raw,float64,placeholder,mootdx.financial.columns;TdxQuant.get_financial_data
540,fn540,col540,extended_statement,raw,float64,placeholder,mootdx.financial.columns;TdxQuant.get_financial_data
541,fn541,col541,extended_statement,raw,float64,placeholder,mootdx.financial.columns;TdxQuant.get_financial_data
542,fn542,col542,extended_statement,raw,float64,placeholder,mootdx.financial.columns;TdxQuant.get_financial_data
543,fn543,col543,extended_statement,raw,float64,placeholder,mootdx.financial.columns;TdxQuant.get_financial_data
544,fn544,col544,extended_statement,raw,float64,placeholder,mootdx.financial.columns;TdxQuant.get_financial_data
545,fn545,col545,extended_statement,raw,float64,placeholder,mootdx.financial.columns;TdxQuant.get_financial_data
546,fn546,col546,extended_statement,raw,float64,placeholder,mootdx.financial.columns;TdxQuant.get_financial_data
547,fn547,col547,extended_statement,raw,float64,placeholder,mootdx.financial.columns;TdxQuant.get_financial_data
548,fn548,col548,extended_statement,raw,float64,placeholder,mootdx.financial.columns;TdxQuant.get_financial_data
549,fn549,col549,extended_statement,raw,float64,placeholder,mootdx.financial.columns;TdxQuant.get_financial_data
550,fn550,col550,extended_statement,raw,float64,placeholder,mootdx.financial.columns;TdxQuant.get_financial_data
551,fn551,col551,extended_statement,raw,float64,placeholder,mootdx.financial.columns;TdxQuant.get_financial_data
552,fn552,col552,extended_statement,raw,float64,placeholder,mootdx.financial.columns;TdxQuant.get_financial_data
553,fn553,col553,extended_statement,raw,float64,placeholder,mootdx.financial.columns;TdxQuant.get_financial_data
554,fn554,col554,extended_statement,raw,float64,placeholder,mootdx.financial.columns;TdxQuant.get_financial_data
555,fn555,col555,extended_statement,raw,float64,placeholder,mootdx.financial.columns;TdxQuant.get_financial_data
556,fn556,col556,extended_statement,raw,float64,placeholder,mootdx.financial.columns;TdxQuant.get_financial_data
557,fn557,col557,extended_statement,raw,float64,placeholder,mootdx.financial.columns;TdxQuant.get_financial_data
558,fn558,col558,extended_statement,raw,float64,placeholder,mootdx.financial.columns;TdxQuant.get_financial_data
559,fn559,col559,extended_statement,raw,float64,placeholder,mootdx.financial.columns;TdxQuant.get_financial_data
560,fn560,col560,extended_statement,raw,float64,placeholder,mootdx.financial.columns;TdxQuant.get_financial_data
561,fn561,加:其他原因对现金的影响2(万元)(现金的期末余额科目),extended_statement,raw,float64,confirmed,mootdx.financial.columns;TdxQuant.get_financial_data
562,fn562,客户存款和同业存放款项净增加额(万元),extended_statement,raw,float64,confirmed,mootdx.financial.columns;TdxQuant.get_financial_data
563,fn563,向中央银行借款净增加额(万元),extended_statement,raw,float64,confirmed,mootdx.financial.columns;TdxQuant.get_financial_data
564,fn564,向其他金融机构拆入资金净增加额(万元),extended_statement,raw,float64,confirmed,mootdx.financial.columns;TdxQuant.get_financial_data
565,fn565,收到原保险合同保费取得的现金(万元),extended_statement,raw,float64,confirmed,mootdx.financial.columns;TdxQuant.get_financial_data
566,fn566,收到再保险业务现金净额(万元),extended_statement,raw,float64,confirmed,mootdx.financial.columns;TdxQuant.get_financial_data
567,fn567,保户储金及投资款净增加额(万元),extended_statement,raw,float64,confirmed,mootdx.financial.columns;TdxQuant.get_financial_data
568,fn568,处置以公允价值计量且其变动计入当期损益的金融资产净增加额(万元),extended_statement,raw,float64,confirmed,mootdx.financial.columns;TdxQuant.get_financial_data
569,fn569,收取利息、手续费及佣金的现金(万元),extended_statement,raw,float64,confirmed,mootdx.financial.columns;TdxQuant.get_financial_data
570,fn570,拆入资金净增加额(万元),extended_statement,raw,float64,confirmed,mootdx.financial.columns;TdxQuant.get_financial_data
571,fn571,回购业务资金净增加额(万元),extended_statement,raw,float64,confirmed,mootdx.financial.columns;TdxQuant.get_financial_data
572,fn572,客户贷款及垫款净增加额(万元),extended_statement,raw,float64,confirmed,mootdx.financial.columns;TdxQuant.get_financial_data
573,fn573,存放中央银行和同业款项净增加额(万元),extended_statement,raw,float64,confirmed,mootdx.financial.columns;TdxQuant.get_financial_data
574,fn574,支付原保险合同赔付款项的现金(万元),extended_statement,raw,float64,confirmed,mootdx.financial.columns;TdxQuant.get_financial_data
575,fn575,支付利息、手续费及佣金的现金(万元),extended_statement,raw,float64,confirmed,mootdx.financial.columns;TdxQuant.get_financial_data
576,fn576,支付保单红利的现金(万元),extended_statement,raw,float64,confirmed,mootdx.financial.columns;TdxQuant.get_financial_data
577,fn577,其中:子公司吸收少数股东投资收到的现金(万元),extended_statement,raw,float64,confirmed,mootdx.financial.columns;TdxQuant.get_financial_data
578,fn578,其中:子公司支付给少数股东的股利、利润(万元),extended_statement,raw,float64,confirmed,mootdx.financial.columns;TdxQuant.get_financial_data
579,fn579,投资性房地产的折旧及摊销(万元),extended_statement,raw,float64,confirmed,mootdx.financial.columns;TdxQuant.get_financial_data
580,fn580,信用减值损失(万元),extended_statement,raw,float64,confirmed,mootdx.financial.columns;TdxQuant.get_financial_data
581,fn581,使用权资产折旧（万元）,extended_statement,raw,float64,confirmed,mootdx.financial.columns;TdxQuant.get_financial_data
582,fn582,收取利息和手续费净增加额(万元)  [注：金融类科目],extended_statement,raw,float64,confirmed,mootdx.financial.columns;TdxQuant.get_financial_data
583,fn583,支付手续费的现金(万元)  [注：金融类科目],extended_statement,raw,float64,confirmed,mootdx.financial.columns;TdxQuant.get_financial_data
584,fn584,发行债券支付的现金(万元)  [注：金融类科目],extended_statement,raw,float64,confirmed,mootdx.financial.columns;TdxQuant.get_financial_data
